{
  "brake_wear": 64.28642297292683,
  "tyre_pressure_variance": 3.9618679873200833,
  "engine_temp": 90.9949272665008,
  "vibration_level": 2.2997071036846686,
  "mileage": 18764.47674542047
}