{
  "brake_wear": 86.94074121857174,
  "tyre_pressure_variance": 2.9863375213260883,
  "engine_temp": 116.194906228915,
  "vibration_level": 4.312410364613097,
  "mileage": 61276.927194124975
}