{
  "brake_wear": 64.01789331913746,
  "tyre_pressure_variance": 3.4182070071050905,
  "engine_temp": 99.18872894612434,
  "vibration_level": 2.432677678157422,
  "mileage": 36521.86804295513
}