{
  "brake_wear": 79.64500103167768,
  "tyre_pressure_variance": 2.575851940848592,
  "engine_temp": 114.68928781881854,
  "vibration_level": 3.9673012159716965,
  "mileage": 29614.646646996247
}