{
  "brake_wear": 70.9532693910494,
  "tyre_pressure_variance": 2.124440926344397,
  "engine_temp": 110.87501683863043,
  "vibration_level": 4.516983183695643,
  "mileage": 27315.394224406893
}