{
  "brake_wear": 95.31525229705466,
  "tyre_pressure_variance": 2.0618147813018526,
  "engine_temp": 118.02786130107607,
  "vibration_level": 4.035680669781926,
  "mileage": 73178.65392296988
}