{
  "brake_wear": 24.35446927909333,
  "tyre_pressure_variance": 1.585219293929745,
  "engine_temp": 89.65578935440945,
  "vibration_level": 0.5333644494485104,
  "mileage": 28574.7765248193
}