{
  "brake_wear": 25.53937796403329,
  "tyre_pressure_variance": 4.844799682762012,
  "engine_temp": 79.65899195176627,
  "vibration_level": 0.47773707489185036,
  "mileage": 16826.14163102265
}