{
  "brake_wear": 49.3387148048841,
  "tyre_pressure_variance": 2.888501833846005,
  "engine_temp": 100.58750912874596,
  "vibration_level": 2.5072943589271164,
  "mileage": 30420.840898891274
}