{
  "brake_wear": 48.73958989075112,
  "tyre_pressure_variance": 3.6533568389569098,
  "engine_temp": 102.16515853517068,
  "vibration_level": 2.3119565614053466,
  "mileage": 52355.59984745099
}