{
  "brake_wear": 0.9066283772361716,
  "tyre_pressure_variance": 4.358270414907107,
  "engine_temp": 83.58450955263575,
  "vibration_level": 1.9055862998405524,
  "mileage": 76526.48661168989
}