{
  "brake_wear": 53.81769872667935,
  "tyre_pressure_variance": 3.707733275451287,
  "engine_temp": 100.95398440405714,
  "vibration_level": 2.075432490626977,
  "mileage": 37348.960489108824
}