{
  "brake_wear": 71.37643168924562,
  "tyre_pressure_variance": 1.1684175039985722,
  "engine_temp": 110.67389012983081,
  "vibration_level": 4.168613162058592,
  "mileage": 56078.618443541694
}