{
  "brake_wear": 21.072259931390814,
  "tyre_pressure_variance": 3.4045000873128757,
  "engine_temp": 84.66894915589512,
  "vibration_level": 1.9617223810108755,
  "mileage": 45892.95022063215
}