{
  "brake_wear": 83.98994013821614,
  "tyre_pressure_variance": 1.4324697587165491,
  "engine_temp": 105.40061432482587,
  "vibration_level": 4.539290342188574,
  "mileage": 64487.189608049746
}