{
  "brake_wear": 55.37937340424126,
  "tyre_pressure_variance": 0.8063275908703882,
  "engine_temp": 100.1392639394941,
  "vibration_level": 2.7228490007830164,
  "mileage": 55451.082983564695
}