{
  "brake_wear": 22.460783773802177,
  "tyre_pressure_variance": 3.746754652473165,
  "engine_temp": 89.69429181639816,
  "vibration_level": 1.9033892676318542,
  "mileage": 32908.68449807371
}