{
  "brake_wear": 90.51162116270838,
  "tyre_pressure_variance": 0.40063983932186076,
  "engine_temp": 114.72160366831667,
  "vibration_level": 4.796999064811533,
  "mileage": 80447.07959865843
}