{
  "brake_wear": 56.569256172383234,
  "tyre_pressure_variance": 1.4088720153807017,
  "engine_temp": 99.19416888840003,
  "vibration_level": 2.8769466283075706,
  "mileage": 73722.49386241371
}