{
  "brake_wear": 44.05344266812598,
  "tyre_pressure_variance": 0.07881811998177002,
  "engine_temp": 94.93432923880697,
  "vibration_level": 3.3633966056064386,
  "mileage": 26687.019049852304
}