{
  "brake_wear": 22.91459755688679,
  "tyre_pressure_variance": 1.000234298062936,
  "engine_temp": 75.61062799748726,
  "vibration_level": 0.3498017476468176,
  "mileage": 67985.19710055791
}