{
  "brake_wear": 40.542858082887086,
  "tyre_pressure_variance": 1.986178299975323,
  "engine_temp": 103.27883485267995,
  "vibration_level": 2.115563269359208,
  "mileage": 15607.12807199347
}