{
  "brake_wear": 69.8891096532855,
  "tyre_pressure_variance": 0.6892218216405449,
  "engine_temp": 96.95526360183312,
  "vibration_level": 2.045150329358994,
  "mileage": 33444.49922791813
}