{
  "brake_wear": 74.98166857494815,
  "tyre_pressure_variance": 1.3911582783630183,
  "engine_temp": 113.30179342681146,
  "vibration_level": 4.594572820669086,
  "mileage": 14441.423709622683
}