{
  "brake_wear": 41.046362924836245,
  "tyre_pressure_variance": 3.118494077476175,
  "engine_temp": 101.68346304738577,
  "vibration_level": 3.459074489874803,
  "mileage": 36924.1444632278
}